Category	Feature	Implementation Status	Test Coverage	Notes	Priority
CLIENT APP - Discovery	Gym Directory Page	âŒ Not Started	âŒ None	Browse/search available gyms	ğŸ”¥ MVP CRITICAL
CLIENT APP - Discovery	Gym Detail Pages	âŒ Not Started	âŒ None	Individual gym information pages	ğŸ”¥ MVP CRITICAL
CLIENT APP - Discovery	Location-based Search	âŒ Not Started	âŒ None	Find gyms near user location	
CLIENT APP - Discovery	Sport Type Filtering	âŒ Not Started	âŒ None	Filter by BJJ, Boxing, MMA, etc.	
CLIENT APP - Discovery	Price Range Filtering	âŒ Not Started	âŒ None	Filter gyms by price range	
CLIENT APP - Discovery	Gym Photos Gallery	âŒ Not Started	âŒ None	Photo galleries for each gym	
CLIENT APP - Discovery	Gym Reviews & Ratings	âŒ Not Started	âŒ None	User reviews and rating system	
CLIENT APP - Trainers	Trainer Directory	âŒ Not Started	âŒ None	Browse available trainers	
CLIENT APP - Trainers	Trainer Profile Pages	âŒ Not Started	âŒ None	Individual trainer detail pages	
CLIENT APP - Trainers	Trainer Specializations	âŒ Not Started	âŒ None	Filter trainers by sport/skill	
CLIENT APP - Trainers	Trainer Availability	âŒ Not Started	âŒ None	Real-time trainer schedule	
CLIENT APP - Trainers	Trainer Ratings	âŒ Not Started	âŒ None	Client ratings for trainers	
CLIENT APP - Trainers	Trainer Bio & Credentials	âŒ Not Started	âŒ None	Detailed trainer information	
CLIENT APP - Booking	Real-time Booking Interface	âŒ Not Started	âŒ None	Main booking flow interface	ğŸ”¥ MVP CRITICAL
CLIENT APP - Booking	Time Slot Selection	âŒ Not Started	âŒ None	Available time slots display	ğŸ”¥ MVP CRITICAL
CLIENT APP - Booking	Session Type Selection	âŒ Not Started	âŒ None	Group class vs personal training	
CLIENT APP - Booking	Multi-person Booking	âŒ Not Started	âŒ None	Book for multiple attendees	
CLIENT APP - Booking	Booking Confirmation	âŒ Not Started	âŒ None	Confirmation page with details	
CLIENT APP - Booking	Waitlist Management	âŒ Not Started	âŒ None	Join waitlist for full sessions	
CLIENT APP - Booking	Instant Availability Check	âŒ Not Started	âŒ None	Real-time slot availability	
CLIENT APP - Sessions	My Bookings Page	âŒ Not Started	âŒ None	User's personal booking dashboard	ğŸ”¥ MVP CRITICAL
CLIENT APP - Sessions	Upcoming Sessions List	âŒ Not Started	âŒ None	List of confirmed future sessions	
CLIENT APP - Sessions	Session History	âŒ Not Started	âŒ None	Past sessions and attendance	
CLIENT APP - Sessions	Cancel Booking	âŒ Not Started	âŒ None	Cancel upcoming sessions	
CLIENT APP - Sessions	Reschedule Booking	âŒ Not Started	âŒ None	Change session date/time	
CLIENT APP - Sessions	Session Check-in Integration	ğŸŸ¡ Partial	âŒ None	Connect QR scanner to bookings	ğŸ”¥ MVP CRITICAL
CLIENT APP - Sessions	No-show Tracking	âŒ Not Started	âŒ None	Track attendance and no-shows	
CLIENT APP - Sessions	Session Feedback	âŒ Not Started	âŒ None	Rate sessions and trainers	
CLIENT APP - Schedule	Real-time Schedule Display	âŒ Not Started	âŒ None	Live gym/trainer schedules	
CLIENT APP - Schedule	Class Schedule Overview	âŒ Not Started	âŒ None	Weekly/monthly class schedules	
CLIENT APP - Schedule	Available Time Slots	âŒ Not Started	âŒ None	Open booking slots display	
CLIENT APP - Schedule	Recurring Sessions	âŒ Not Started	âŒ None	Book recurring weekly sessions	
CLIENT APP - Schedule	Schedule Conflicts Check	âŒ Not Started	âŒ None	Prevent double bookings	
CLIENT APP - Schedule	Peak Hours Display	âŒ Not Started	âŒ None	Show busy vs quiet times	
CLIENT APP - Notifications	Booking Confirmations	âŒ Not Started	âŒ None	Confirm successful bookings	
CLIENT APP - Notifications	Session Reminders	âŒ Not Started	âŒ None	Remind users before sessions	
CLIENT APP - Notifications	Cancellation Alerts	âŒ Not Started	âŒ None	Notify about cancelled sessions	
CLIENT APP - Notifications	Waitlist Updates	âŒ Not Started	âŒ None	Notify when waitlist opens	
CLIENT APP - Notifications	Schedule Changes	âŒ Not Started	âŒ None	Notify about schedule updates	
CLIENT APP - Notifications	Payment Reminders	âŒ Not Started	âŒ None	Remind about session payments	
CLIENT APP - Integration	Organization API Integration	ğŸŸ¡ Partial	âŒ None	Connect to gym registration data	
CLIENT APP - Integration	Booking API Endpoints	âŒ Not Started	âŒ None	Backend booking system	ğŸ”¥ MVP CRITICAL
CLIENT APP - Integration	Real-time Sync	âŒ Not Started	âŒ None	Live availability updates	
CLIENT APP - Integration	Calendar Integration	ğŸŸ¡ Partial	âŒ None	Sync bookings with user calendar	
CLIENT APP - Integration	QR Code Generation	âŒ Not Started	âŒ None	Generate booking QR codes	
CLIENT APP - Integration	Attendance Validation	âŒ Not Started	âŒ None	Validate QR check-ins	
CLIENT APP - UX	Booking Flow Wizard	âŒ Not Started	âŒ None	Step-by-step booking process	
CLIENT APP - UX	Favorite Gyms	âŒ Not Started	âŒ None	Save preferred gyms/trainers	
CLIENT APP - UX	Search & Filter Interface	âŒ Not Started	âŒ None	Advanced search capabilities	
CLIENT APP - UX	Map Integration	âŒ Not Started	âŒ None	Map view of nearby gyms	
CLIENT APP - UX	Session Sharing	âŒ Not Started	âŒ None	Share sessions with friends	
CLIENT APP - UX	Booking History Export	âŒ Not Started	âŒ None	Export booking data	
CLIENT APP - Admin	Gym Owner Dashboard	âŒ Not Started	âŒ None	Gym management interface	
CLIENT APP - Admin	Trainer Management	âŒ Not Started	âŒ None	Add/edit trainer information	
CLIENT APP - Admin	Schedule Management	âŒ Not Started	âŒ None	Manage gym schedules	
CLIENT APP - Admin	Booking Analytics	âŒ Not Started	âŒ None	Booking statistics and reports	
CLIENT APP - Admin	Revenue Tracking	âŒ Not Started	âŒ None	Track session payments	
CLIENT APP - Admin	Client Management	âŒ Not Started	âŒ None	Manage gym members